{"training_RMSE": 0.13526633032888727, "validation_RMSE": 0.12525985556879826, "test_RMSE": 0.13456929180311705, "training_R^2 score": -0.13977618338705833, "validation_R^2 score": -0.20281431189437327, "test_R^2 score": -0.03537173419889861, "training_duration": 229.10317707061768, "inference_latency (s)": 0.003298308700323105}