{"training_RMSE": 128.06415411420346, "validation_RMSE": 163.1410362750043, "test_RMSE": 112.44730567680048, "training_R^2 score": -0.020569289343883003, "validation_R^2 score": -0.04316582561152349, "test_R^2 score": -0.0019429544006537292, "training_duration": 5.091448783874512, "inference_latency (s)": 2.8889626264572144e-05}