{"training_RMSE": 4.288318837324899, "validation_RMSE": 4.293297619730062, "test_RMSE": 4.2674930333731655, "training_R^2 score": -1222.4185935094, "validation_R^2 score": -1101.4989578511, "test_R^2 score": -787.9401464981912, "training_duration": 4.903301000595093, "inference_latency (s)": 2.9880553483963013e-05}