{"training_RMSE": 0.43364632787305085, "validation_RMSE": 0.3444497968226506, "test_RMSE": 0.46667892071285766, "training_R^2 score": 0.8386934545437894, "validation_R^2 score": 0.8828675882520496, "test_R^2 score": 0.751433084427628, "training_duration": 60.45984935760498, "inference_latency (s)": 0.00019552513777491558}