{"training_RMSE": 126.57377640705448, "validation_RMSE": 153.01543192018792, "test_RMSE": 114.69429573335417, "training_R^2 score": -0.03295099566821027, "validation_R^2 score": -0.008230670491923053, "test_R^2 score": -0.015824904114551064, "training_duration": 244.0934407711029, "inference_latency (s)": 0.0026815757155418396}