{"training_RMSE": 132.01572684941098, "validation_RMSE": 135.73702679998252, "test_RMSE": 106.42977419315751, "training_R^2 score": -0.01328226472176608, "validation_R^2 score": -0.019265198474095913, "test_R^2 score": -0.03176116722351452, "training_duration": 96.18726134300232, "inference_latency (s)": 0.0013214985290205623}