{"training_RMSE": 4.477284163318589, "validation_RMSE": 4.477885068609715, "test_RMSE": 4.4658875478100315, "training_R^2 score": -1323.3054497073995, "validation_R^2 score": -1614.4751849077604, "test_R^2 score": -1181.5600016113497, "training_duration": 4.512542009353638, "inference_latency (s)": 2.0291656255722046e-05}