{"training_RMSE": 5.922662977663675, "validation_RMSE": 0.0, "test_RMSE": 4.825947857910685, "test_R^2 score": 0.9987912855789076}