{"training_RMSE": 109.0826738945095, "validation_RMSE": 56.79911712238451, "test_RMSE": 92.18492613253322, "test_R^2 score": 0.3689821535772292}