{"training_RMSE": 82.24484247961057, "validation_RMSE": 75.5328492587856, "test_RMSE": 128.86511280734086, "test_R^2 score": 0.43919399446298535}