{"training_RMSE": 100.53448596288602, "validation_RMSE": 116.66240481885671, "test_RMSE": 81.4226470241511, "test_R^2 score": 0.40895443826921274}