{"training_RMSE": 38.08356297057182, "validation_RMSE": 24.46450370900544, "test_RMSE": 53.84576482890246, "test_R^2 score": 0.9087238881163182}