{"training_RMSE": 43.34283446673254, "validation_RMSE": 35.73556790970492, "test_RMSE": 34.50019235799792, "test_R^2 score": 0.8972492922496297}