{"training_RMSE": 41.510577614614434, "validation_RMSE": 60.69385824846669, "test_RMSE": 34.18324532613801, "test_R^2 score": 0.9073109849173179}