{"training_RMSE": 115.50562284547024, "validation_RMSE": 127.0865124899139, "test_RMSE": 114.81430917934168, "test_R^2 score": 0.19377853379201515}