{"training_RMSE": 115.60763366753878, "validation_RMSE": 71.12278201627493, "test_RMSE": 123.91402882070818, "test_R^2 score": 0.21037821273286506}