{"training_RMSE": 114.9487104921311, "validation_RMSE": 191.4021165645044, "test_RMSE": 92.47595220965563, "test_R^2 score": 0.2409876765186486}