{"training_RMSE": 1.5469977474640104, "validation_RMSE": 1.735684561993531, "test_RMSE": 1.5214757564041037, "training_R^2 score": -1.4248418807983398, "validation_R^2 score": -1.382164716720581, "test_R^2 score": -1.6250784397125244, "training_duration": 200.15099477767944, "inference_latency (s)": 0.0030576735734939575}