{"training_RMSE": 201.86285919038744, "validation_RMSE": 211.40049379074355, "test_RMSE": 182.3884701481778, "training_R^2 score": -1.522323647475504, "validation_R^2 score": -1.4577520388030676, "test_R^2 score": -1.7594040876615367, "training_duration": 5.310333251953125, "inference_latency (s)": 2.2992491722106934e-05}