{"f1_score_training": 0.39759036144578314, "f1_score_validation": 0.4117647058823529, "f1_score_test": 0.48484848484848486, "precision_score_training": 0.39759036144578314, "precision_score_validation": 0.4117647058823529, "precision_score_test": 0.48484848484848486, "recall_score_training": 0.39759036144578314, "recall_score_validation": 0.4117647058823529, "recall_score_test": 0.48484848484848486, "accuracy_score_training": 0.39759036144578314, "accuracy_score_validation": 0.4117647058823529, "accuracy_score_test": 0.48484848484848486}