{"f1_score_training": 0.3900602409638554, "f1_score_validation": 0.4117647058823529, "f1_score_test": 0.3939393939393939, "precision_score_training": 0.39006024096385544, "precision_score_validation": 0.4117647058823529, "precision_score_test": 0.3939393939393939, "recall_score_training": 0.39006024096385544, "recall_score_validation": 0.4117647058823529, "recall_score_test": 0.3939393939393939, "accuracy_score_training": 0.39006024096385544, "accuracy_score_validation": 0.4117647058823529, "accuracy_score_test": 0.3939393939393939}