{"f1_score_training": 0.9216867469879518, "f1_score_validation": 0.8823529411764706, "f1_score_test": 0.9015151515151515, "precision_score_training": 0.9216867469879518, "precision_score_validation": 0.8823529411764706, "precision_score_test": 0.9015151515151515, "recall_score_training": 0.9216867469879518, "recall_score_validation": 0.8823529411764706, "recall_score_test": 0.9015151515151515, "accuracy_score_training": 0.9216867469879518, "accuracy_score_validation": 0.8823529411764706, "accuracy_score_test": 0.9015151515151515}