{"f1_score_training": 0.9186746987951807, "f1_score_validation": 0.8823529411764706, "f1_score_test": 0.8712121212121212, "precision_score_training": 0.9186746987951807, "precision_score_validation": 0.8823529411764706, "precision_score_test": 0.8712121212121212, "recall_score_training": 0.9186746987951807, "recall_score_validation": 0.8823529411764706, "recall_score_test": 0.8712121212121212, "accuracy_score_training": 0.9186746987951807, "accuracy_score_validation": 0.8823529411764706, "accuracy_score_test": 0.8712121212121212}