{"f1_score_training": 0.40662650602409633, "f1_score_validation": 0.5, "f1_score_test": 0.4621212121212121, "precision_score_training": 0.4066265060240964, "precision_score_validation": 0.5, "precision_score_test": 0.4621212121212121, "recall_score_training": 0.4066265060240964, "recall_score_validation": 0.5, "recall_score_test": 0.4621212121212121, "accuracy_score_training": 0.4066265060240964, "accuracy_score_validation": 0.5, "accuracy_score_test": 0.4621212121212121}