{"f1_score_training": 0.42319277108433734, "f1_score_validation": 0.3235294117647059, "f1_score_test": 0.4090909090909091, "precision_score_training": 0.42319277108433734, "precision_score_validation": 0.3235294117647059, "precision_score_test": 0.4090909090909091, "recall_score_training": 0.42319277108433734, "recall_score_validation": 0.3235294117647059, "recall_score_test": 0.4090909090909091, "accuracy_score_training": 0.42319277108433734, "accuracy_score_validation": 0.3235294117647059, "accuracy_score_test": 0.4090909090909091}